acc_avg_epoch,epoch,loss_avg_epoch,step
0.8619999885559082,0,0.0,9
0.8160000443458557,1,0.0,19
0.8519999980926514,2,0.0,29
